origin_id,origin_dipslay_name,destination_id,destination_display_name,date_range,mean_travel_time,range_lower,range_upper
"177","1230 Peachtree St NE, Atlanta, GA","2","Census Tract 234.21","9/1/2019 - 9/30/2019, Weekdays, Daily Average",2476,1585,3865
"177","1230 Peachtree St NE, Atlanta, GA","3","Census Tract 214.11","9/1/2019 - 9/30/2019, Weekdays, Daily Average",1198,895,1603
"177","1230 Peachtree St NE, Atlanta, GA","4","Census Tract 214.16","9/1/2019 - 9/30/2019, Weekdays, Daily Average",899,642,1257
"177","1230 Peachtree St NE, Atlanta, GA","5","Census Tract 215.04","9/1/2019 - 9/30/2019, Weekdays, Daily Average",875,601,1273
"177","1230 Peachtree St NE, Atlanta, GA","7","Census Tract 503.11","9/1/2019 - 9/30/2019, Weekdays, Daily Average",1673,1205,2320
"177","1230 Peachtree St NE, Atlanta, GA","9","Census Tract 66.01","9/1/2019 - 9/30/2019, Weekdays, Daily Average",1479,1040,2101
"177","1230 Peachtree St NE, Atlanta, GA","10","Census Tract 67","9/1/2019 - 9/30/2019, Weekdays, Daily Average",1262,820,1941
"177","1230 Peachtree St NE, Atlanta, GA","11","Census Tract 93","9/1/2019 - 9/30/2019, Weekdays, Daily Average",612,429,871
"177","1230 Peachtree St NE, Atlanta, GA","12","Census Tract 94.02","9/1/2019 - 9/30/2019, Weekdays, Daily Average",521,334,812
"177","1230 Peachtree St NE, Atlanta, GA","13","Census Tract 101.08","9/1/2019 - 9/30/2019, Weekdays, Daily Average",2001,1563,2561
"177","1230 Peachtree St NE, Atlanta, GA","15","Census Tract 101.10","9/1/2019 - 9/30/2019, Weekdays, Daily Average",1268,884,1818
"177","1230 Peachtree St NE, Atlanta, GA","16","Census Tract 102.05","9/1/2019 - 9/30/2019, Weekdays, Daily Average",1424,1047,1935
"177","1230 Peachtree St NE, Atlanta, GA","17","Census Tract 102.08","9/1/2019 - 9/30/2019, Weekdays, Daily Average",1892,1341,2668
"177","1230 Peachtree St NE, Atlanta, GA","18","Census Tract 105.07","9/1/2019 - 9/30/2019, Weekdays, Daily Average",1649,1239,2193
"177","1230 Peachtree St NE, Atlanta, GA","20","Census Tract 105.12","9/1/2019 - 9/30/2019, Weekdays, Daily Average",1846,1417,2403
"177","1230 Peachtree St NE, Atlanta, GA","21","Census Tract 106.01","9/1/2019 - 9/30/2019, Weekdays, Daily Average",1616,1194,2185
"177","1230 Peachtree St NE, Atlanta, GA","22","Census Tract 106.03","9/1/2019 - 9/30/2019, Weekdays, Daily Average",1651,1169,2331
"177","1230 Peachtree St NE, Atlanta, GA","23","Census Tract 106.04","9/1/2019 - 9/30/2019, Weekdays, Daily Average",1597,1182,2157
"177","1230 Peachtree St NE, Atlanta, GA","24","Census Tract 303.30","9/1/2019 - 9/30/2019, Weekdays, Daily Average",1565,1286,1904
"177","1230 Peachtree St NE, Atlanta, GA","25","Census Tract 313.11","9/1/2019 - 9/30/2019, Weekdays, Daily Average",1472,1111,1948
"177","1230 Peachtree St NE, Atlanta, GA","31","Census Tract 101.22","9/1/2019 - 9/30/2019, Weekdays, Daily Average",1347,953,1903
"177","1230 Peachtree St NE, Atlanta, GA","33","Census Tract 303.32","9/1/2019 - 9/30/2019, Weekdays, Daily Average",1874,1438,2441
"177","1230 Peachtree St NE, Atlanta, GA","36","Census Tract 310.01","9/1/2019 - 9/30/2019, Weekdays, Daily Average",1264,962,1660
"177","1230 Peachtree St NE, Atlanta, GA","37","Census Tract 303.20","9/1/2019 - 9/30/2019, Weekdays, Daily Average",1204,892,1624
"177","1230 Peachtree St NE, Atlanta, GA","38","Census Tract 305.02","9/1/2019 - 9/30/2019, Weekdays, Daily Average",1381,1034,1842
"177","1230 Peachtree St NE, Atlanta, GA","40","Census Tract 313.07","9/1/2019 - 9/30/2019, Weekdays, Daily Average",2232,1625,3065
"177","1230 Peachtree St NE, Atlanta, GA","41","Census Tract 303.19","9/1/2019 - 9/30/2019, Weekdays, Daily Average",1748,1318,2317
"177","1230 Peachtree St NE, Atlanta, GA","42","Census Tract 311.01","9/1/2019 - 9/30/2019, Weekdays, Daily Average",1548,1123,2132
"177","1230 Peachtree St NE, Atlanta, GA","43","Census Tract 303.18","9/1/2019 - 9/30/2019, Weekdays, Daily Average",1674,1255,2231
"177","1230 Peachtree St NE, Atlanta, GA","45","Census Tract 305.04","9/1/2019 - 9/30/2019, Weekdays, Daily Average",1313,986,1747
"177","1230 Peachtree St NE, Atlanta, GA","46","Census Tract 311.10","9/1/2019 - 9/30/2019, Weekdays, Daily Average",1550,1170,2053
"177","1230 Peachtree St NE, Atlanta, GA","56","Census Tract 303.39","9/1/2019 - 9/30/2019, Weekdays, Daily Average",892,616,1289
"177","1230 Peachtree St NE, Atlanta, GA","57","Census Tract 303.10","9/1/2019 - 9/30/2019, Weekdays, Daily Average",2000,1483,2697
"177","1230 Peachtree St NE, Atlanta, GA","59","Census Tract 303.12","9/1/2019 - 9/30/2019, Weekdays, Daily Average",1938,1526,2460
"177","1230 Peachtree St NE, Atlanta, GA","61","Census Tract 303.13","9/1/2019 - 9/30/2019, Weekdays, Daily Average",1860,1401,2468
"177","1230 Peachtree St NE, Atlanta, GA","62","Census Tract 304.05","9/1/2019 - 9/30/2019, Weekdays, Daily Average",1116,818,1521
"177","1230 Peachtree St NE, Atlanta, GA","63","Census Tract 303.14","9/1/2019 - 9/30/2019, Weekdays, Daily Average",1913,1615,2265
"177","1230 Peachtree St NE, Atlanta, GA","64","Census Tract 305.05","9/1/2019 - 9/30/2019, Weekdays, Daily Average",1266,943,1698
"177","1230 Peachtree St NE, Atlanta, GA","65","Census Tract 307","9/1/2019 - 9/30/2019, Weekdays, Daily Average",1732,1270,2360
"177","1230 Peachtree St NE, Atlanta, GA","67","Census Tract 308","9/1/2019 - 9/30/2019, Weekdays, Daily Average",1348,1037,1751
"177","1230 Peachtree St NE, Atlanta, GA","68","Census Tract 309.01","9/1/2019 - 9/30/2019, Weekdays, Daily Average",1852,1454,2358
"177","1230 Peachtree St NE, Atlanta, GA","69","Census Tract 309.02","9/1/2019 - 9/30/2019, Weekdays, Daily Average",1494,1214,1838
"177","1230 Peachtree St NE, Atlanta, GA","74","Census Tract 310.04","9/1/2019 - 9/30/2019, Weekdays, Daily Average",1773,1281,2453
"177","1230 Peachtree St NE, Atlanta, GA","75","Census Tract 310.05","9/1/2019 - 9/30/2019, Weekdays, Daily Average",1953,1453,2623
"177","1230 Peachtree St NE, Atlanta, GA","76","Census Tract 219.12","9/1/2019 - 9/30/2019, Weekdays, Daily Average",2048,1484,2824
"177","1230 Peachtree St NE, Atlanta, GA","78","Census Tract 303.27","9/1/2019 - 9/30/2019, Weekdays, Daily Average",1967,1648,2347
"177","1230 Peachtree St NE, Atlanta, GA","79","Census Tract 311.08","9/1/2019 - 9/30/2019, Weekdays, Daily Average",1408,1043,1899
"177","1230 Peachtree St NE, Atlanta, GA","80","Census Tract 311.11","9/1/2019 - 9/30/2019, Weekdays, Daily Average",1405,1054,1871
"177","1230 Peachtree St NE, Atlanta, GA","81","Census Tract 311.12","9/1/2019 - 9/30/2019, Weekdays, Daily Average",1488,1107,1999
"177","1230 Peachtree St NE, Atlanta, GA","82","Census Tract 303.29","9/1/2019 - 9/30/2019, Weekdays, Daily Average",1712,1442,2031
"177","1230 Peachtree St NE, Atlanta, GA","86","Census Tract 313.10","9/1/2019 - 9/30/2019, Weekdays, Daily Average",1564,1200,2037
"177","1230 Peachtree St NE, Atlanta, GA","87","Census Tract 214.05","9/1/2019 - 9/30/2019, Weekdays, Daily Average",991,712,1378
"177","1230 Peachtree St NE, Atlanta, GA","89","Census Tract 220.01","9/1/2019 - 9/30/2019, Weekdays, Daily Average",1490,1024,2167
"177","1230 Peachtree St NE, Atlanta, GA","91","Census Tract 220.05","9/1/2019 - 9/30/2019, Weekdays, Daily Average",1955,1355,2819
"177","1230 Peachtree St NE, Atlanta, GA","94","Census Tract 236.02","9/1/2019 - 9/30/2019, Weekdays, Daily Average",1974,1219,3195
"177","1230 Peachtree St NE, Atlanta, GA","96","Census Tract 215.02","9/1/2019 - 9/30/2019, Weekdays, Daily Average",554,354,866
"177","1230 Peachtree St NE, Atlanta, GA","97","Census Tract 216.02","9/1/2019 - 9/30/2019, Weekdays, Daily Average",1069,732,1559
"177","1230 Peachtree St NE, Atlanta, GA","98","Census Tract 216.03","9/1/2019 - 9/30/2019, Weekdays, Daily Average",621,409,940
"177","1230 Peachtree St NE, Atlanta, GA","99","Census Tract 217.03","9/1/2019 - 9/30/2019, Weekdays, Daily Average",1224,851,1759
"177","1230 Peachtree St NE, Atlanta, GA","100","Census Tract 224.01","9/1/2019 - 9/30/2019, Weekdays, Daily Average",712,496,1020
"177","1230 Peachtree St NE, Atlanta, GA","101","Census Tract 224.02","9/1/2019 - 9/30/2019, Weekdays, Daily Average",974,709,1337
"177","1230 Peachtree St NE, Atlanta, GA","102","Census Tract 224.03","9/1/2019 - 9/30/2019, Weekdays, Daily Average",986,703,1381
"177","1230 Peachtree St NE, Atlanta, GA","103","Census Tract 225","9/1/2019 - 9/30/2019, Weekdays, Daily Average",1281,950,1726
"177","1230 Peachtree St NE, Atlanta, GA","104","Census Tract 237","9/1/2019 - 9/30/2019, Weekdays, Daily Average",1345,891,2029
"177","1230 Peachtree St NE, Atlanta, GA","105","Census Tract 217.04","9/1/2019 - 9/30/2019, Weekdays, Daily Average",1308,908,1883
"177","1230 Peachtree St NE, Atlanta, GA","106","Census Tract 217.05","9/1/2019 - 9/30/2019, Weekdays, Daily Average",897,645,1246
"177","1230 Peachtree St NE, Atlanta, GA","107","Census Tract 217.06","9/1/2019 - 9/30/2019, Weekdays, Daily Average",792,565,1109
"177","1230 Peachtree St NE, Atlanta, GA","108","Census Tract 218.05","9/1/2019 - 9/30/2019, Weekdays, Daily Average",1645,1167,2318
"177","1230 Peachtree St NE, Atlanta, GA","109","Census Tract 226","9/1/2019 - 9/30/2019, Weekdays, Daily Average",1424,1061,1910
"177","1230 Peachtree St NE, Atlanta, GA","110","Census Tract 227","9/1/2019 - 9/30/2019, Weekdays, Daily Average",1354,961,1906
"177","1230 Peachtree St NE, Atlanta, GA","111","Census Tract 235.01","9/1/2019 - 9/30/2019, Weekdays, Daily Average",1933,1441,2591
"177","1230 Peachtree St NE, Atlanta, GA","112","Census Tract 219.07","9/1/2019 - 9/30/2019, Weekdays, Daily Average",2066,1481,2880
"177","1230 Peachtree St NE, Atlanta, GA","113","Census Tract 5","9/1/2019 - 9/30/2019, Weekdays, Daily Average",182,67,492
"177","1230 Peachtree St NE, Atlanta, GA","114","Census Tract 13","9/1/2019 - 9/30/2019, Weekdays, Daily Average",296,92,952
"177","1230 Peachtree St NE, Atlanta, GA","115","Census Tract 14","9/1/2019 - 9/30/2019, Weekdays, Daily Average",518,250,1072
"177","1230 Peachtree St NE, Atlanta, GA","116","Census Tract 15","9/1/2019 - 9/30/2019, Weekdays, Daily Average",639,362,1126
"177","1230 Peachtree St NE, Atlanta, GA","117","Census Tract 16","9/1/2019 - 9/30/2019, Weekdays, Daily Average",910,616,1342
"177","1230 Peachtree St NE, Atlanta, GA","118","Census Tract 18","9/1/2019 - 9/30/2019, Weekdays, Daily Average",717,452,1137
"177","1230 Peachtree St NE, Atlanta, GA","119","Census Tract 19","9/1/2019 - 9/30/2019, Weekdays, Daily Average",669,420,1064
"177","1230 Peachtree St NE, Atlanta, GA","120","Census Tract 36","9/1/2019 - 9/30/2019, Weekdays, Daily Average",1287,912,1815
"177","1230 Peachtree St NE, Atlanta, GA","123","Census Tract 100.02","9/1/2019 - 9/30/2019, Weekdays, Daily Average",915,631,1324
"177","1230 Peachtree St NE, Atlanta, GA","124","Census Tract 100.01","9/1/2019 - 9/30/2019, Weekdays, Daily Average",887,611,1286
"177","1230 Peachtree St NE, Atlanta, GA","125","Census Tract 98.02","9/1/2019 - 9/30/2019, Weekdays, Daily Average",806,532,1220
"177","1230 Peachtree St NE, Atlanta, GA","126","Census Tract 68.01","9/1/2019 - 9/30/2019, Weekdays, Daily Average",1736,1204,2501
"177","1230 Peachtree St NE, Atlanta, GA","131","Census Tract 97","9/1/2019 - 9/30/2019, Weekdays, Daily Average",690,437,1088
"177","1230 Peachtree St NE, Atlanta, GA","132","Census Tract 102.10","9/1/2019 - 9/30/2019, Weekdays, Daily Average",1703,1227,2363
"177","1230 Peachtree St NE, Atlanta, GA","133","Census Tract 102.09","9/1/2019 - 9/30/2019, Weekdays, Daily Average",1996,1401,2842
"177","1230 Peachtree St NE, Atlanta, GA","136","Census Tract 25","9/1/2019 - 9/30/2019, Weekdays, Daily Average",1313,969,1777
"177","1230 Peachtree St NE, Atlanta, GA","137","Census Tract 103.04","9/1/2019 - 9/30/2019, Weekdays, Daily Average",2229,1699,2923
"177","1230 Peachtree St NE, Atlanta, GA","138","Census Tract 71","9/1/2019 - 9/30/2019, Weekdays, Daily Average",1963,1355,2842
"177","1230 Peachtree St NE, Atlanta, GA","139","Census Tract 105.13","9/1/2019 - 9/30/2019, Weekdays, Daily Average",2036,1558,2659
"177","1230 Peachtree St NE, Atlanta, GA","140","Census Tract 105.10","9/1/2019 - 9/30/2019, Weekdays, Daily Average",2023,1546,2646
"177","1230 Peachtree St NE, Atlanta, GA","141","Census Tract 72","9/1/2019 - 9/30/2019, Weekdays, Daily Average",1336,983,1814
"177","1230 Peachtree St NE, Atlanta, GA","142","Census Tract 62","9/1/2019 - 9/30/2019, Weekdays, Daily Average",1551,1110,2165
"177","1230 Peachtree St NE, Atlanta, GA","143","Census Tract 11","9/1/2019 - 9/30/2019, Weekdays, Daily Average",152,52,436
"177","1230 Peachtree St NE, Atlanta, GA","144","Census Tract 73","9/1/2019 - 9/30/2019, Weekdays, Daily Average",1314,967,1785
"177","1230 Peachtree St NE, Atlanta, GA","145","Census Tract 42","9/1/2019 - 9/30/2019, Weekdays, Daily Average",1194,794,1793
"177","1230 Peachtree St NE, Atlanta, GA","146","Census Tract 91.01","9/1/2019 - 9/30/2019, Weekdays, Daily Average",361,207,626
"177","1230 Peachtree St NE, Atlanta, GA","147","Census Tract 89.04","9/1/2019 - 9/30/2019, Weekdays, Daily Average",585,352,970
"177","1230 Peachtree St NE, Atlanta, GA","148","Census Tract 116.11","9/1/2019 - 9/30/2019, Weekdays, Daily Average",1929,1412,2635
"177","1230 Peachtree St NE, Atlanta, GA","149","Census Tract 116.17","9/1/2019 - 9/30/2019, Weekdays, Daily Average",2030,1478,2787
"177","1230 Peachtree St NE, Atlanta, GA","150","Census Tract 37","9/1/2019 - 9/30/2019, Weekdays, Daily Average",1501,1092,2063
"177","1230 Peachtree St NE, Atlanta, GA","151","Census Tract 105.11","9/1/2019 - 9/30/2019, Weekdays, Daily Average",1729,1337,2235
"177","1230 Peachtree St NE, Atlanta, GA","153","Census Tract 116.15","9/1/2019 - 9/30/2019, Weekdays, Daily Average",2899,2020,4159
"177","1230 Peachtree St NE, Atlanta, GA","156","Census Tract 114.25","9/1/2019 - 9/30/2019, Weekdays, Daily Average",2282,1827,2849
"177","1230 Peachtree St NE, Atlanta, GA","157","Census Tract 116.13","9/1/2019 - 9/30/2019, Weekdays, Daily Average",2385,1879,3026
"177","1230 Peachtree St NE, Atlanta, GA","158","Census Tract 114.20","9/1/2019 - 9/30/2019, Weekdays, Daily Average",1586,1275,1971
"177","1230 Peachtree St NE, Atlanta, GA","159","Census Tract 116.20","9/1/2019 - 9/30/2019, Weekdays, Daily Average",2865,2143,3829
"177","1230 Peachtree St NE, Atlanta, GA","160","Census Tract 116.14","9/1/2019 - 9/30/2019, Weekdays, Daily Average",2543,1835,3522
"177","1230 Peachtree St NE, Atlanta, GA","161","Census Tract 116.21","9/1/2019 - 9/30/2019, Weekdays, Daily Average",2228,1619,3065
"177","1230 Peachtree St NE, Atlanta, GA","162","Census Tract 116.19","9/1/2019 - 9/30/2019, Weekdays, Daily Average",2079,1544,2798
"177","1230 Peachtree St NE, Atlanta, GA","163","Census Tract 116.23","9/1/2019 - 9/30/2019, Weekdays, Daily Average",2421,1872,3130
"177","1230 Peachtree St NE, Atlanta, GA","164","Census Tract 102.11","9/1/2019 - 9/30/2019, Weekdays, Daily Average",1477,1094,1992
"177","1230 Peachtree St NE, Atlanta, GA","165","Census Tract 116.22","9/1/2019 - 9/30/2019, Weekdays, Daily Average",2514,1978,3194
"177","1230 Peachtree St NE, Atlanta, GA","166","Census Tract 120","9/1/2019 - 9/30/2019, Weekdays, Daily Average",961,624,1479
"177","1230 Peachtree St NE, Atlanta, GA","167","Census Tract 6","9/1/2019 - 9/30/2019, Weekdays, Daily Average",547,318,938
"177","1230 Peachtree St NE, Atlanta, GA","168","Census Tract 17","9/1/2019 - 9/30/2019, Weekdays, Daily Average",636,380,1063
"177","1230 Peachtree St NE, Atlanta, GA","169","Census Tract 90","9/1/2019 - 9/30/2019, Weekdays, Daily Average",498,298,831
"177","1230 Peachtree St NE, Atlanta, GA","170","Census Tract 70.02","9/1/2019 - 9/30/2019, Weekdays, Daily Average",1438,1030,2005
"177","1230 Peachtree St NE, Atlanta, GA","171","Census Tract 99","9/1/2019 - 9/30/2019, Weekdays, Daily Average",1196,816,1751
"177","1230 Peachtree St NE, Atlanta, GA","172","Census Tract 103.03","9/1/2019 - 9/30/2019, Weekdays, Daily Average",2141,1518,3018
"177","1230 Peachtree St NE, Atlanta, GA","173","Census Tract 105.14","9/1/2019 - 9/30/2019, Weekdays, Daily Average",2104,1618,2735
"177","1230 Peachtree St NE, Atlanta, GA","174","Census Tract 110","9/1/2019 - 9/30/2019, Weekdays, Daily Average",1476,1050,2074
"177","1230 Peachtree St NE, Atlanta, GA","175","Census Tract 1","9/1/2019 - 9/30/2019, Weekdays, Daily Average",389,237,635
"177","1230 Peachtree St NE, Atlanta, GA","176","Census Tract 2","9/1/2019 - 9/30/2019, Weekdays, Daily Average",235,120,457
"177","1230 Peachtree St NE, Atlanta, GA","177","Census Tract 4","9/1/2019 - 9/30/2019, Weekdays, Daily Average",225,85,591
"177","1230 Peachtree St NE, Atlanta, GA","179","Census Tract 502.10","9/1/2019 - 9/30/2019, Weekdays, Daily Average",2330,1662,3266
"177","1230 Peachtree St NE, Atlanta, GA","187","Census Tract 505.37","9/1/2019 - 9/30/2019, Weekdays, Daily Average",1693,1203,2381
"177","1230 Peachtree St NE, Atlanta, GA","191","Census Tract 505.48","9/1/2019 - 9/30/2019, Weekdays, Daily Average",2377,1749,3230
"177","1230 Peachtree St NE, Atlanta, GA","193","Census Tract 505.23","9/1/2019 - 9/30/2019, Weekdays, Daily Average",2114,1524,2930
"177","1230 Peachtree St NE, Atlanta, GA","195","Census Tract 502.16","9/1/2019 - 9/30/2019, Weekdays, Daily Average",1998,1444,2763
"177","1230 Peachtree St NE, Atlanta, GA","236","Census Tract 29","9/1/2019 - 9/30/2019, Weekdays, Daily Average",762,480,1207
"177","1230 Peachtree St NE, Atlanta, GA","237","Census Tract 102.06","9/1/2019 - 9/30/2019, Weekdays, Daily Average",1215,870,1695
"177","1230 Peachtree St NE, Atlanta, GA","238","Census Tract 101.06","9/1/2019 - 9/30/2019, Weekdays, Daily Average",1595,1140,2231
"177","1230 Peachtree St NE, Atlanta, GA","239","Census Tract 102.04","9/1/2019 - 9/30/2019, Weekdays, Daily Average",1298,942,1787
"177","1230 Peachtree St NE, Atlanta, GA","240","Census Tract 66.02","9/1/2019 - 9/30/2019, Weekdays, Daily Average",1652,1193,2285
"177","1230 Peachtree St NE, Atlanta, GA","252","Census Tract 910.01","9/1/2019 - 9/30/2019, Weekdays, Daily Average",2063,1548,2748
"177","1230 Peachtree St NE, Atlanta, GA","260","Census Tract 406.12","9/1/2019 - 9/30/2019, Weekdays, Daily Average",2289,1678,3122
"177","1230 Peachtree St NE, Atlanta, GA","261","Census Tract 234.18","9/1/2019 - 9/30/2019, Weekdays, Daily Average",2205,1615,3010
"177","1230 Peachtree St NE, Atlanta, GA","262","Census Tract 238.03","9/1/2019 - 9/30/2019, Weekdays, Daily Average",1460,975,2184
"177","1230 Peachtree St NE, Atlanta, GA","268","Census Tract 403.02","9/1/2019 - 9/30/2019, Weekdays, Daily Average",1886,1257,2827
"177","1230 Peachtree St NE, Atlanta, GA","273","Census Tract 406.11","9/1/2019 - 9/30/2019, Weekdays, Daily Average",2308,1589,3352
"177","1230 Peachtree St NE, Atlanta, GA","274","Census Tract 402.02","9/1/2019 - 9/30/2019, Weekdays, Daily Average",1586,1087,2313
"177","1230 Peachtree St NE, Atlanta, GA","276","Census Tract 405.12","9/1/2019 - 9/30/2019, Weekdays, Daily Average",1699,1265,2280
"177","1230 Peachtree St NE, Atlanta, GA","281","Census Tract 221","9/1/2019 - 9/30/2019, Weekdays, Daily Average",1849,1280,2670
"177","1230 Peachtree St NE, Atlanta, GA","282","Census Tract 238.01","9/1/2019 - 9/30/2019, Weekdays, Daily Average",1726,1149,2591
"177","1230 Peachtree St NE, Atlanta, GA","283","Census Tract 404.12","9/1/2019 - 9/30/2019, Weekdays, Daily Average",1618,1295,2020
"177","1230 Peachtree St NE, Atlanta, GA","285","Census Tract 405.10","9/1/2019 - 9/30/2019, Weekdays, Daily Average",1780,1274,2486
"177","1230 Peachtree St NE, Atlanta, GA","306","Census Tract 406.09","9/1/2019 - 9/30/2019, Weekdays, Daily Average",1638,1380,1942
"177","1230 Peachtree St NE, Atlanta, GA","309","Census Tract 312.05","9/1/2019 - 9/30/2019, Weekdays, Daily Average",1472,1021,2121
"177","1230 Peachtree St NE, Atlanta, GA","311","Census Tract 312.09","9/1/2019 - 9/30/2019, Weekdays, Daily Average",1279,925,1767
"177","1230 Peachtree St NE, Atlanta, GA","312","Census Tract 312.07","9/1/2019 - 9/30/2019, Weekdays, Daily Average",1185,833,1684
"177","1230 Peachtree St NE, Atlanta, GA","313","Census Tract 312.08","9/1/2019 - 9/30/2019, Weekdays, Daily Average",1196,839,1703
"177","1230 Peachtree St NE, Atlanta, GA","314","Census Tract 305.07","9/1/2019 - 9/30/2019, Weekdays, Daily Average",1691,1333,2144
"177","1230 Peachtree St NE, Atlanta, GA","315","Census Tract 305.06","9/1/2019 - 9/30/2019, Weekdays, Daily Average",1391,1025,1886
"177","1230 Peachtree St NE, Atlanta, GA","316","Census Tract 306.01","9/1/2019 - 9/30/2019, Weekdays, Daily Average",1486,1123,1965
"177","1230 Peachtree St NE, Atlanta, GA","331","Census Tract 602.01","9/1/2019 - 9/30/2019, Weekdays, Daily Average",2030,1627,2532
"177","1230 Peachtree St NE, Atlanta, GA","332","Census Tract 114.17","9/1/2019 - 9/30/2019, Weekdays, Daily Average",2047,1587,2639
"177","1230 Peachtree St NE, Atlanta, GA","334","Census Tract 114.16","9/1/2019 - 9/30/2019, Weekdays, Daily Average",2038,1609,2580
"177","1230 Peachtree St NE, Atlanta, GA","335","Census Tract 114.21","9/1/2019 - 9/30/2019, Weekdays, Daily Average",1979,1557,2513
"177","1230 Peachtree St NE, Atlanta, GA","338","Census Tract 116.18","9/1/2019 - 9/30/2019, Weekdays, Daily Average",2026,1505,2726
"177","1230 Peachtree St NE, Atlanta, GA","339","Census Tract 116.25","9/1/2019 - 9/30/2019, Weekdays, Daily Average",2147,1662,2772
"177","1230 Peachtree St NE, Atlanta, GA","340","Census Tract 116.12","9/1/2019 - 9/30/2019, Weekdays, Daily Average",1981,1531,2562
"177","1230 Peachtree St NE, Atlanta, GA","341","Census Tract 77.05","9/1/2019 - 9/30/2019, Weekdays, Daily Average",2209,1484,3287
"177","1230 Peachtree St NE, Atlanta, GA","342","Census Tract 96.01","9/1/2019 - 9/30/2019, Weekdays, Daily Average",947,676,1325
"177","1230 Peachtree St NE, Atlanta, GA","343","Census Tract 96.03","9/1/2019 - 9/30/2019, Weekdays, Daily Average",797,571,1110
"177","1230 Peachtree St NE, Atlanta, GA","344","Census Tract 98.01","9/1/2019 - 9/30/2019, Weekdays, Daily Average",654,417,1023
"177","1230 Peachtree St NE, Atlanta, GA","345","Census Tract 101.19","9/1/2019 - 9/30/2019, Weekdays, Daily Average",1751,1232,2487
"177","1230 Peachtree St NE, Atlanta, GA","346","Census Tract 101.21","9/1/2019 - 9/30/2019, Weekdays, Daily Average",1569,1081,2276
"177","1230 Peachtree St NE, Atlanta, GA","347","Census Tract 101.23","9/1/2019 - 9/30/2019, Weekdays, Daily Average",1518,1080,2132
"177","1230 Peachtree St NE, Atlanta, GA","350","Census Tract 503.08","9/1/2019 - 9/30/2019, Weekdays, Daily Average",1783,1356,2343
"177","1230 Peachtree St NE, Atlanta, GA","351","Census Tract 503.06","9/1/2019 - 9/30/2019, Weekdays, Daily Average",1228,846,1781
"177","1230 Peachtree St NE, Atlanta, GA","352","Census Tract 503.09","9/1/2019 - 9/30/2019, Weekdays, Daily Average",1933,1471,2539
"177","1230 Peachtree St NE, Atlanta, GA","353","Census Tract 503.10","9/1/2019 - 9/30/2019, Weekdays, Daily Average",1665,1245,2226
"177","1230 Peachtree St NE, Atlanta, GA","354","Census Tract 503.13","9/1/2019 - 9/30/2019, Weekdays, Daily Average",1428,997,2043
"177","1230 Peachtree St NE, Atlanta, GA","355","Census Tract 228","9/1/2019 - 9/30/2019, Weekdays, Daily Average",1556,1184,2043
"177","1230 Peachtree St NE, Atlanta, GA","356","Census Tract 229","9/1/2019 - 9/30/2019, Weekdays, Daily Average",1673,1256,2228
"177","1230 Peachtree St NE, Atlanta, GA","357","Census Tract 214.12","9/1/2019 - 9/30/2019, Weekdays, Daily Average",981,713,1348
"177","1230 Peachtree St NE, Atlanta, GA","358","Census Tract 236.01","9/1/2019 - 9/30/2019, Weekdays, Daily Average",1667,1222,2272
"177","1230 Peachtree St NE, Atlanta, GA","359","Census Tract 213.07","9/1/2019 - 9/30/2019, Weekdays, Daily Average",1027,726,1450
"177","1230 Peachtree St NE, Atlanta, GA","360","Census Tract 211.02","9/1/2019 - 9/30/2019, Weekdays, Daily Average",1162,829,1627
"177","1230 Peachtree St NE, Atlanta, GA","361","Census Tract 214.15","9/1/2019 - 9/30/2019, Weekdays, Daily Average",781,516,1181
"177","1230 Peachtree St NE, Atlanta, GA","362","Census Tract 214.17","9/1/2019 - 9/30/2019, Weekdays, Daily Average",772,523,1138
"177","1230 Peachtree St NE, Atlanta, GA","363","Census Tract 213.05","9/1/2019 - 9/30/2019, Weekdays, Daily Average",1553,1140,2115
"177","1230 Peachtree St NE, Atlanta, GA","364","Census Tract 503.14","9/1/2019 - 9/30/2019, Weekdays, Daily Average",1475,1036,2099
"177","1230 Peachtree St NE, Atlanta, GA","366","Census Tract 114.22","9/1/2019 - 9/30/2019, Weekdays, Daily Average",1869,1312,2661
"177","1230 Peachtree St NE, Atlanta, GA","367","Census Tract 114.24","9/1/2019 - 9/30/2019, Weekdays, Daily Average",2273,1836,2813
"177","1230 Peachtree St NE, Atlanta, GA","368","Census Tract 116.26","9/1/2019 - 9/30/2019, Weekdays, Daily Average",2422,1896,3093
"177","1230 Peachtree St NE, Atlanta, GA","369","Census Tract 119","9/1/2019 - 9/30/2019, Weekdays, Daily Average",866,559,1339
"177","1230 Peachtree St NE, Atlanta, GA","370","Census Tract 230","9/1/2019 - 9/30/2019, Weekdays, Daily Average",1922,1519,2431
"177","1230 Peachtree St NE, Atlanta, GA","371","Census Tract 231.01","9/1/2019 - 9/30/2019, Weekdays, Daily Average",1571,1184,2084
"177","1230 Peachtree St NE, Atlanta, GA","372","Census Tract 231.02","9/1/2019 - 9/30/2019, Weekdays, Daily Average",1715,1361,2160
"177","1230 Peachtree St NE, Atlanta, GA","373","Census Tract 213.06","9/1/2019 - 9/30/2019, Weekdays, Daily Average",1212,889,1651
"177","1230 Peachtree St NE, Atlanta, GA","374","Census Tract 213.08","9/1/2019 - 9/30/2019, Weekdays, Daily Average",1062,746,1509
"177","1230 Peachtree St NE, Atlanta, GA","375","Census Tract 216.05","9/1/2019 - 9/30/2019, Weekdays, Daily Average",704,487,1016
"177","1230 Peachtree St NE, Atlanta, GA","376","Census Tract 219.13","9/1/2019 - 9/30/2019, Weekdays, Daily Average",1876,1322,2660
"177","1230 Peachtree St NE, Atlanta, GA","377","Census Tract 220.09","9/1/2019 - 9/30/2019, Weekdays, Daily Average",1579,1100,2264
"177","1230 Peachtree St NE, Atlanta, GA","378","Census Tract 222.03","9/1/2019 - 9/30/2019, Weekdays, Daily Average",1643,1225,2203
"177","1230 Peachtree St NE, Atlanta, GA","379","Census Tract 801.02","9/1/2019 - 9/30/2019, Weekdays, Daily Average",1631,1320,2015
"177","1230 Peachtree St NE, Atlanta, GA","380","Census Tract 123","9/1/2019 - 9/30/2019, Weekdays, Daily Average",1380,1018,1869
"177","1230 Peachtree St NE, Atlanta, GA","381","Census Tract 232.14","9/1/2019 - 9/30/2019, Weekdays, Daily Average",2443,1678,3556
"177","1230 Peachtree St NE, Atlanta, GA","384","Census Tract 211.01","9/1/2019 - 9/30/2019, Weekdays, Daily Average",1348,1054,1722
"177","1230 Peachtree St NE, Atlanta, GA","385","Census Tract 231.07","9/1/2019 - 9/30/2019, Weekdays, Daily Average",1914,1365,2682
"177","1230 Peachtree St NE, Atlanta, GA","386","Census Tract 231.08","9/1/2019 - 9/30/2019, Weekdays, Daily Average",2111,1511,2948
"177","1230 Peachtree St NE, Atlanta, GA","388","Census Tract 214.14","9/1/2019 - 9/30/2019, Weekdays, Daily Average",838,561,1250
"177","1230 Peachtree St NE, Atlanta, GA","389","Census Tract 212.15","9/1/2019 - 9/30/2019, Weekdays, Daily Average",1399,982,1992
"177","1230 Peachtree St NE, Atlanta, GA","390","Census Tract 504.17","9/1/2019 - 9/30/2019, Weekdays, Daily Average",1192,830,1710
"177","1230 Peachtree St NE, Atlanta, GA","391","Census Tract 503.04","9/1/2019 - 9/30/2019, Weekdays, Daily Average",1389,1034,1865
"177","1230 Peachtree St NE, Atlanta, GA","394","Census Tract 212.17","9/1/2019 - 9/30/2019, Weekdays, Daily Average",1394,997,1948
"177","1230 Peachtree St NE, Atlanta, GA","395","Census Tract 214.09","9/1/2019 - 9/30/2019, Weekdays, Daily Average",988,652,1496
"177","1230 Peachtree St NE, Atlanta, GA","396","Census Tract 218.14","9/1/2019 - 9/30/2019, Weekdays, Daily Average",1306,917,1858
"177","1230 Peachtree St NE, Atlanta, GA","397","Census Tract 231.11","9/1/2019 - 9/30/2019, Weekdays, Daily Average",2284,1605,3248
"177","1230 Peachtree St NE, Atlanta, GA","399","Census Tract 231.13","9/1/2019 - 9/30/2019, Weekdays, Daily Average",1929,1375,2704
"177","1230 Peachtree St NE, Atlanta, GA","400","Census Tract 232.06","9/1/2019 - 9/30/2019, Weekdays, Daily Average",2463,1767,3432
"177","1230 Peachtree St NE, Atlanta, GA","408","Census Tract 504.23","9/1/2019 - 9/30/2019, Weekdays, Daily Average",1545,1085,2198
"177","1230 Peachtree St NE, Atlanta, GA","410","Census Tract 501.06","9/1/2019 - 9/30/2019, Weekdays, Daily Average",2753,1939,3907
"177","1230 Peachtree St NE, Atlanta, GA","411","Census Tract 504.15","9/1/2019 - 9/30/2019, Weekdays, Daily Average",2250,1541,3284
"177","1230 Peachtree St NE, Atlanta, GA","412","Census Tract 504.21","9/1/2019 - 9/30/2019, Weekdays, Daily Average",1349,929,1957
"177","1230 Peachtree St NE, Atlanta, GA","418","Census Tract 231.15","9/1/2019 - 9/30/2019, Weekdays, Daily Average",1913,1314,2783
"177","1230 Peachtree St NE, Atlanta, GA","423","Census Tract 212.02","9/1/2019 - 9/30/2019, Weekdays, Daily Average",1331,923,1918
"177","1230 Peachtree St NE, Atlanta, GA","424","Census Tract 212.04","9/1/2019 - 9/30/2019, Weekdays, Daily Average",1131,820,1558
"177","1230 Peachtree St NE, Atlanta, GA","425","Census Tract 108","9/1/2019 - 9/30/2019, Weekdays, Daily Average",1297,939,1790
"177","1230 Peachtree St NE, Atlanta, GA","427","Census Tract 91.02","9/1/2019 - 9/30/2019, Weekdays, Daily Average",369,220,617
"177","1230 Peachtree St NE, Atlanta, GA","428","Census Tract 12.02","9/1/2019 - 9/30/2019, Weekdays, Daily Average",376,218,647
"177","1230 Peachtree St NE, Atlanta, GA","435","Census Tract 801.03","9/1/2019 - 9/30/2019, Weekdays, Daily Average",1804,1493,2179
"177","1230 Peachtree St NE, Atlanta, GA","436","Census Tract 214.13","9/1/2019 - 9/30/2019, Weekdays, Daily Average",1022,689,1514
"177","1230 Peachtree St NE, Atlanta, GA","437","Census Tract 208.02","9/1/2019 - 9/30/2019, Weekdays, Daily Average",1407,1023,1933
"177","1230 Peachtree St NE, Atlanta, GA","439","Census Tract 212.16","9/1/2019 - 9/30/2019, Weekdays, Daily Average",1450,1038,2024
"177","1230 Peachtree St NE, Atlanta, GA","440","Census Tract 214.10","9/1/2019 - 9/30/2019, Weekdays, Daily Average",834,577,1205
"177","1230 Peachtree St NE, Atlanta, GA","441","Census Tract 215.03","9/1/2019 - 9/30/2019, Weekdays, Daily Average",863,573,1299
"177","1230 Peachtree St NE, Atlanta, GA","442","Census Tract 12.01","9/1/2019 - 9/30/2019, Weekdays, Daily Average",387,194,770
"177","1230 Peachtree St NE, Atlanta, GA","443","Census Tract 10.01","9/1/2019 - 9/30/2019, Weekdays, Daily Average",429,190,968
"177","1230 Peachtree St NE, Atlanta, GA","444","Census Tract 89.03","9/1/2019 - 9/30/2019, Weekdays, Daily Average",989,706,1383
"177","1230 Peachtree St NE, Atlanta, GA","445","Census Tract 43","9/1/2019 - 9/30/2019, Weekdays, Daily Average",1337,916,1950
"177","1230 Peachtree St NE, Atlanta, GA","446","Census Tract 9800","9/1/2019 - 9/30/2019, Weekdays, Daily Average",1477,1108,1968
"177","1230 Peachtree St NE, Atlanta, GA","447","Census Tract 116.16","9/1/2019 - 9/30/2019, Weekdays, Daily Average",2316,1720,3118
"177","1230 Peachtree St NE, Atlanta, GA","450","Census Tract 212.08","9/1/2019 - 9/30/2019, Weekdays, Daily Average",1287,959,1726
"177","1230 Peachtree St NE, Atlanta, GA","451","Census Tract 212.09","9/1/2019 - 9/30/2019, Weekdays, Daily Average",1247,964,1611
"177","1230 Peachtree St NE, Atlanta, GA","454","Census Tract 212.10","9/1/2019 - 9/30/2019, Weekdays, Daily Average",1791,1311,2446
"177","1230 Peachtree St NE, Atlanta, GA","455","Census Tract 212.11","9/1/2019 - 9/30/2019, Weekdays, Daily Average",1775,1297,2429
"177","1230 Peachtree St NE, Atlanta, GA","456","Census Tract 218.06","9/1/2019 - 9/30/2019, Weekdays, Daily Average",1768,1271,2459
"177","1230 Peachtree St NE, Atlanta, GA","457","Census Tract 218.08","9/1/2019 - 9/30/2019, Weekdays, Daily Average",1063,765,1476
"177","1230 Peachtree St NE, Atlanta, GA","458","Census Tract 218.10","9/1/2019 - 9/30/2019, Weekdays, Daily Average",1141,833,1561
"177","1230 Peachtree St NE, Atlanta, GA","459","Census Tract 234.10","9/1/2019 - 9/30/2019, Weekdays, Daily Average",1576,1070,2319
"177","1230 Peachtree St NE, Atlanta, GA","460","Census Tract 234.11","9/1/2019 - 9/30/2019, Weekdays, Daily Average",1510,1017,2240
"177","1230 Peachtree St NE, Atlanta, GA","461","Census Tract 234.12","9/1/2019 - 9/30/2019, Weekdays, Daily Average",1706,1174,2478
"177","1230 Peachtree St NE, Atlanta, GA","463","Census Tract 216.04","9/1/2019 - 9/30/2019, Weekdays, Daily Average",970,630,1491
"177","1230 Peachtree St NE, Atlanta, GA","464","Census Tract 219.10","9/1/2019 - 9/30/2019, Weekdays, Daily Average",1850,1366,2505
"177","1230 Peachtree St NE, Atlanta, GA","465","Census Tract 231.12","9/1/2019 - 9/30/2019, Weekdays, Daily Average",1939,1479,2540
"177","1230 Peachtree St NE, Atlanta, GA","466","Census Tract 231.14","9/1/2019 - 9/30/2019, Weekdays, Daily Average",2190,1521,3152
"177","1230 Peachtree St NE, Atlanta, GA","467","Census Tract 232.13","9/1/2019 - 9/30/2019, Weekdays, Daily Average",2438,1662,3576
"177","1230 Peachtree St NE, Atlanta, GA","468","Census Tract 503.15","9/1/2019 - 9/30/2019, Weekdays, Daily Average",1747,1367,2232
"177","1230 Peachtree St NE, Atlanta, GA","470","Census Tract 76.03","9/1/2019 - 9/30/2019, Weekdays, Daily Average",1531,1072,2185
"177","1230 Peachtree St NE, Atlanta, GA","471","Census Tract 77.04","9/1/2019 - 9/30/2019, Weekdays, Daily Average",1719,1190,2481
"177","1230 Peachtree St NE, Atlanta, GA","472","Census Tract 76.04","9/1/2019 - 9/30/2019, Weekdays, Daily Average",1604,1101,2334
"177","1230 Peachtree St NE, Atlanta, GA","473","Census Tract 77.03","9/1/2019 - 9/30/2019, Weekdays, Daily Average",1646,1197,2261
"177","1230 Peachtree St NE, Atlanta, GA","474","Census Tract 212.13","9/1/2019 - 9/30/2019, Weekdays, Daily Average",1707,1194,2439
"177","1230 Peachtree St NE, Atlanta, GA","475","Census Tract 212.14","9/1/2019 - 9/30/2019, Weekdays, Daily Average",1898,1313,2741
"177","1230 Peachtree St NE, Atlanta, GA","476","Census Tract 213.01","9/1/2019 - 9/30/2019, Weekdays, Daily Average",1331,964,1837
"177","1230 Peachtree St NE, Atlanta, GA","477","Census Tract 213.03","9/1/2019 - 9/30/2019, Weekdays, Daily Average",1042,757,1432
"177","1230 Peachtree St NE, Atlanta, GA","478","Census Tract 218.12","9/1/2019 - 9/30/2019, Weekdays, Daily Average",1023,718,1457
"177","1230 Peachtree St NE, Atlanta, GA","481","Census Tract 219.08","9/1/2019 - 9/30/2019, Weekdays, Daily Average",2411,1833,3170
"177","1230 Peachtree St NE, Atlanta, GA","482","Census Tract 234.14","9/1/2019 - 9/30/2019, Weekdays, Daily Average",1818,1280,2581
"177","1230 Peachtree St NE, Atlanta, GA","484","Census Tract 235.05","9/1/2019 - 9/30/2019, Weekdays, Daily Average",1792,1351,2375
"177","1230 Peachtree St NE, Atlanta, GA","485","Census Tract 235.06","9/1/2019 - 9/30/2019, Weekdays, Daily Average",1959,1355,2830
"177","1230 Peachtree St NE, Atlanta, GA","486","Census Tract 222.04","9/1/2019 - 9/30/2019, Weekdays, Daily Average",1548,1022,2342
"177","1230 Peachtree St NE, Atlanta, GA","488","Census Tract 77.06","9/1/2019 - 9/30/2019, Weekdays, Daily Average",2034,1372,3014
"177","1230 Peachtree St NE, Atlanta, GA","489","Census Tract 113.06","9/1/2019 - 9/30/2019, Weekdays, Daily Average",2133,1468,3097
"177","1230 Peachtree St NE, Atlanta, GA","490","Census Tract 113.05","9/1/2019 - 9/30/2019, Weekdays, Daily Average",1959,1412,2716
"177","1230 Peachtree St NE, Atlanta, GA","493","Census Tract 504.18","9/1/2019 - 9/30/2019, Weekdays, Daily Average",1289,982,1691
"177","1230 Peachtree St NE, Atlanta, GA","494","Census Tract 95.01","9/1/2019 - 9/30/2019, Weekdays, Daily Average",606,413,888
"177","1230 Peachtree St NE, Atlanta, GA","498","Census Tract 504.22","9/1/2019 - 9/30/2019, Weekdays, Daily Average",1548,1144,2094
"177","1230 Peachtree St NE, Atlanta, GA","499","Census Tract 504.24","9/1/2019 - 9/30/2019, Weekdays, Daily Average",1461,1022,2088
"177","1230 Peachtree St NE, Atlanta, GA","502","Census Tract 504.19","9/1/2019 - 9/30/2019, Weekdays, Daily Average",1772,1245,2520
"177","1230 Peachtree St NE, Atlanta, GA","504","Census Tract 504.30","9/1/2019 - 9/30/2019, Weekdays, Daily Average",2357,1651,3364
"177","1230 Peachtree St NE, Atlanta, GA","505","Census Tract 218.09","9/1/2019 - 9/30/2019, Weekdays, Daily Average",1117,800,1558
"177","1230 Peachtree St NE, Atlanta, GA","506","Census Tract 207","9/1/2019 - 9/30/2019, Weekdays, Daily Average",1264,886,1801
"177","1230 Peachtree St NE, Atlanta, GA","507","Census Tract 505.11","9/1/2019 - 9/30/2019, Weekdays, Daily Average",1887,1338,2660
"177","1230 Peachtree St NE, Atlanta, GA","512","Census Tract 311.14","9/1/2019 - 9/30/2019, Weekdays, Daily Average",1231,888,1705
"177","1230 Peachtree St NE, Atlanta, GA","513","Census Tract 313.13","9/1/2019 - 9/30/2019, Weekdays, Daily Average",1793,1283,2504
"177","1230 Peachtree St NE, Atlanta, GA","517","Census Tract 302.20","9/1/2019 - 9/30/2019, Weekdays, Daily Average",1743,1319,2303
"177","1230 Peachtree St NE, Atlanta, GA","518","Census Tract 312.06","9/1/2019 - 9/30/2019, Weekdays, Daily Average",1525,1090,2132
"177","1230 Peachtree St NE, Atlanta, GA","519","Census Tract 302.26","9/1/2019 - 9/30/2019, Weekdays, Daily Average",1773,1380,2277
"177","1230 Peachtree St NE, Atlanta, GA","525","Census Tract 302.29","9/1/2019 - 9/30/2019, Weekdays, Daily Average",1786,1352,2357
"177","1230 Peachtree St NE, Atlanta, GA","526","Census Tract 306.02","9/1/2019 - 9/30/2019, Weekdays, Daily Average",1703,1299,2232
"177","1230 Peachtree St NE, Atlanta, GA","535","Census Tract 802.02","9/1/2019 - 9/30/2019, Weekdays, Daily Average",1761,1484,2089
"177","1230 Peachtree St NE, Atlanta, GA","539","Census Tract 502.11","9/1/2019 - 9/30/2019, Weekdays, Daily Average",1571,1101,2240
"177","1230 Peachtree St NE, Atlanta, GA","541","Census Tract 503.19","9/1/2019 - 9/30/2019, Weekdays, Daily Average",1333,924,1921
"177","1230 Peachtree St NE, Atlanta, GA","542","Census Tract 505.26","9/1/2019 - 9/30/2019, Weekdays, Daily Average",1902,1427,2533
"177","1230 Peachtree St NE, Atlanta, GA","549","Census Tract 89.02","9/1/2019 - 9/30/2019, Weekdays, Daily Average",564,321,988
"177","1230 Peachtree St NE, Atlanta, GA","553","Census Tract 701.04","9/1/2019 - 9/30/2019, Weekdays, Daily Average",2121,1647,2730
"177","1230 Peachtree St NE, Atlanta, GA","554","Census Tract 312.11","9/1/2019 - 9/30/2019, Weekdays, Daily Average",1365,947,1966
"177","1230 Peachtree St NE, Atlanta, GA","555","Census Tract 312.12","9/1/2019 - 9/30/2019, Weekdays, Daily Average",1230,905,1671
"177","1230 Peachtree St NE, Atlanta, GA","556","Census Tract 302.27","9/1/2019 - 9/30/2019, Weekdays, Daily Average",1840,1442,2347
"177","1230 Peachtree St NE, Atlanta, GA","563","Census Tract 1306.02","9/1/2019 - 9/30/2019, Weekdays, Daily Average",2222,1637,3014
"177","1230 Peachtree St NE, Atlanta, GA","567","Census Tract 1306.03","9/1/2019 - 9/30/2019, Weekdays, Daily Average",2296,1734,3039
"177","1230 Peachtree St NE, Atlanta, GA","571","Census Tract 1306.01","9/1/2019 - 9/30/2019, Weekdays, Daily Average",2314,1791,2988
"177","1230 Peachtree St NE, Atlanta, GA","581","Census Tract 502.09","9/1/2019 - 9/30/2019, Weekdays, Daily Average",1911,1517,2406
"177","1230 Peachtree St NE, Atlanta, GA","582","Census Tract 504.36","9/1/2019 - 9/30/2019, Weekdays, Daily Average",2079,1596,2706
"177","1230 Peachtree St NE, Atlanta, GA","583","Census Tract 505.42","9/1/2019 - 9/30/2019, Weekdays, Daily Average",1592,1144,2215
"177","1230 Peachtree St NE, Atlanta, GA","591","Census Tract 234.28","9/1/2019 - 9/30/2019, Weekdays, Daily Average",1953,1406,2712
"177","1230 Peachtree St NE, Atlanta, GA","592","Census Tract 95.02","9/1/2019 - 9/30/2019, Weekdays, Daily Average",797,574,1105
"177","1230 Peachtree St NE, Atlanta, GA","593","Census Tract 96.02","9/1/2019 - 9/30/2019, Weekdays, Daily Average",769,528,1119
"177","1230 Peachtree St NE, Atlanta, GA","594","Census Tract 94.04","9/1/2019 - 9/30/2019, Weekdays, Daily Average",712,472,1074
"177","1230 Peachtree St NE, Atlanta, GA","595","Census Tract 94.03","9/1/2019 - 9/30/2019, Weekdays, Daily Average",629,422,936
"177","1230 Peachtree St NE, Atlanta, GA","596","Census Tract 102.12","9/1/2019 - 9/30/2019, Weekdays, Daily Average",1570,1148,2145
"177","1230 Peachtree St NE, Atlanta, GA","597","Census Tract 101.14","9/1/2019 - 9/30/2019, Weekdays, Daily Average",1022,700,1491
"177","1230 Peachtree St NE, Atlanta, GA","598","Census Tract 101.15","9/1/2019 - 9/30/2019, Weekdays, Daily Average",1116,788,1579
"177","1230 Peachtree St NE, Atlanta, GA","599","Census Tract 101.13","9/1/2019 - 9/30/2019, Weekdays, Daily Average",1115,765,1623
"177","1230 Peachtree St NE, Atlanta, GA","600","Census Tract 101.18","9/1/2019 - 9/30/2019, Weekdays, Daily Average",1541,1084,2189
"177","1230 Peachtree St NE, Atlanta, GA","601","Census Tract 101.17","9/1/2019 - 9/30/2019, Weekdays, Daily Average",1960,1384,2775
"177","1230 Peachtree St NE, Atlanta, GA","609","Census Tract 101.20","9/1/2019 - 9/30/2019, Weekdays, Daily Average",1755,1252,2459
"177","1230 Peachtree St NE, Atlanta, GA","612","Census Tract 114.19","9/1/2019 - 9/30/2019, Weekdays, Daily Average",2066,1595,2675
"177","1230 Peachtree St NE, Atlanta, GA","617","Census Tract 118","9/1/2019 - 9/30/2019, Weekdays, Daily Average",973,646,1464
"177","1230 Peachtree St NE, Atlanta, GA","618","Census Tract 302.28","9/1/2019 - 9/30/2019, Weekdays, Daily Average",1637,1243,2154
"177","1230 Peachtree St NE, Atlanta, GA","621","Census Tract 403.06","9/1/2019 - 9/30/2019, Weekdays, Daily Average",1474,1066,2037
"177","1230 Peachtree St NE, Atlanta, GA","625","Census Tract 502.08","9/1/2019 - 9/30/2019, Weekdays, Daily Average",2458,1749,3454
"177","1230 Peachtree St NE, Atlanta, GA","626","Census Tract 502.13","9/1/2019 - 9/30/2019, Weekdays, Daily Average",2481,1763,3491
"177","1230 Peachtree St NE, Atlanta, GA","628","Census Tract 404.16","9/1/2019 - 9/30/2019, Weekdays, Daily Average",1674,1243,2254
"177","1230 Peachtree St NE, Atlanta, GA","633","Census Tract 505.29","9/1/2019 - 9/30/2019, Weekdays, Daily Average",2093,1479,2960
"177","1230 Peachtree St NE, Atlanta, GA","635","Census Tract 403.08","9/1/2019 - 9/30/2019, Weekdays, Daily Average",1359,985,1873
"177","1230 Peachtree St NE, Atlanta, GA","636","Census Tract 402.04","9/1/2019 - 9/30/2019, Weekdays, Daily Average",2008,1545,2608
"177","1230 Peachtree St NE, Atlanta, GA","637","Census Tract 404.14","9/1/2019 - 9/30/2019, Weekdays, Daily Average",1491,1127,1971
"177","1230 Peachtree St NE, Atlanta, GA","639","Census Tract 502.17","9/1/2019 - 9/30/2019, Weekdays, Daily Average",1992,1379,2877
"177","1230 Peachtree St NE, Atlanta, GA","641","Census Tract 503.17","9/1/2019 - 9/30/2019, Weekdays, Daily Average",1517,1126,2043
"177","1230 Peachtree St NE, Atlanta, GA","642","Census Tract 503.20","9/1/2019 - 9/30/2019, Weekdays, Daily Average",1263,878,1816
"177","1230 Peachtree St NE, Atlanta, GA","643","Census Tract 503.18","9/1/2019 - 9/30/2019, Weekdays, Daily Average",1907,1392,2612
"177","1230 Peachtree St NE, Atlanta, GA","644","Census Tract 502.15","9/1/2019 - 9/30/2019, Weekdays, Daily Average",1643,1186,2275
"177","1230 Peachtree St NE, Atlanta, GA","645","Census Tract 406.15","9/1/2019 - 9/30/2019, Weekdays, Daily Average",1732,1398,2144
"177","1230 Peachtree St NE, Atlanta, GA","647","Census Tract 402.03","9/1/2019 - 9/30/2019, Weekdays, Daily Average",2101,1557,2834
"177","1230 Peachtree St NE, Atlanta, GA","649","Census Tract 405.20","9/1/2019 - 9/30/2019, Weekdays, Daily Average",1723,1173,2529
"177","1230 Peachtree St NE, Atlanta, GA","650","Census Tract 405.22","9/1/2019 - 9/30/2019, Weekdays, Daily Average",1712,1230,2382
"177","1230 Peachtree St NE, Atlanta, GA","653","Census Tract 503.21","9/1/2019 - 9/30/2019, Weekdays, Daily Average",2061,1613,2633
"177","1230 Peachtree St NE, Atlanta, GA","654","Census Tract 504.34","9/1/2019 - 9/30/2019, Weekdays, Daily Average",1410,1004,1978
"177","1230 Peachtree St NE, Atlanta, GA","657","Census Tract 406.22","9/1/2019 - 9/30/2019, Weekdays, Daily Average",2529,1981,3228
"177","1230 Peachtree St NE, Atlanta, GA","664","Census Tract 301.07","9/1/2019 - 9/30/2019, Weekdays, Daily Average",1837,1408,2395
"177","1230 Peachtree St NE, Atlanta, GA","667","Census Tract 505.35","9/1/2019 - 9/30/2019, Weekdays, Daily Average",1819,1320,2505
"177","1230 Peachtree St NE, Atlanta, GA","669","Census Tract 505.36","9/1/2019 - 9/30/2019, Weekdays, Daily Average",1943,1414,2668
"177","1230 Peachtree St NE, Atlanta, GA","671","Census Tract 304.13","9/1/2019 - 9/30/2019, Weekdays, Daily Average",1044,761,1431
"177","1230 Peachtree St NE, Atlanta, GA","672","Census Tract 304.14","9/1/2019 - 9/30/2019, Weekdays, Daily Average",1058,749,1492
"177","1230 Peachtree St NE, Atlanta, GA","673","Census Tract 304.12","9/1/2019 - 9/30/2019, Weekdays, Daily Average",1193,892,1594
"177","1230 Peachtree St NE, Atlanta, GA","681","Census Tract 304.09","9/1/2019 - 9/30/2019, Weekdays, Daily Average",1537,1166,2025
"177","1230 Peachtree St NE, Atlanta, GA","682","Census Tract 304.10","9/1/2019 - 9/30/2019, Weekdays, Daily Average",1303,990,1714
"177","1230 Peachtree St NE, Atlanta, GA","683","Census Tract 304.08","9/1/2019 - 9/30/2019, Weekdays, Daily Average",1366,1014,1840
"177","1230 Peachtree St NE, Atlanta, GA","684","Census Tract 304.07","9/1/2019 - 9/30/2019, Weekdays, Daily Average",1224,919,1628
"177","1230 Peachtree St NE, Atlanta, GA","689","Census Tract 406.16","9/1/2019 - 9/30/2019, Weekdays, Daily Average",1751,1385,2213
"177","1230 Peachtree St NE, Atlanta, GA","690","Census Tract 406.20","9/1/2019 - 9/30/2019, Weekdays, Daily Average",2455,1923,3133
"177","1230 Peachtree St NE, Atlanta, GA","691","Census Tract 404.15","9/1/2019 - 9/30/2019, Weekdays, Daily Average",1713,1205,2433
"177","1230 Peachtree St NE, Atlanta, GA","692","Census Tract 405.19","9/1/2019 - 9/30/2019, Weekdays, Daily Average",1624,1205,2188
"177","1230 Peachtree St NE, Atlanta, GA","694","Census Tract 9800","9/1/2019 - 9/30/2019, Weekdays, Daily Average",1537,1161,2034
"177","1230 Peachtree St NE, Atlanta, GA","695","Census Tract 304.11","9/1/2019 - 9/30/2019, Weekdays, Daily Average",1112,818,1510
"177","1230 Peachtree St NE, Atlanta, GA","696","Census Tract 303.44","9/1/2019 - 9/30/2019, Weekdays, Daily Average",1004,712,1414
"177","1230 Peachtree St NE, Atlanta, GA","697","Census Tract 303.45","9/1/2019 - 9/30/2019, Weekdays, Daily Average",1016,705,1462
"177","1230 Peachtree St NE, Atlanta, GA","698","Census Tract 311.13","9/1/2019 - 9/30/2019, Weekdays, Daily Average",1326,949,1852
"177","1230 Peachtree St NE, Atlanta, GA","704","Census Tract 302.23","9/1/2019 - 9/30/2019, Weekdays, Daily Average",1745,1375,2214
"177","1230 Peachtree St NE, Atlanta, GA","705","Census Tract 311.15","9/1/2019 - 9/30/2019, Weekdays, Daily Average",1889,1379,2585
"177","1230 Peachtree St NE, Atlanta, GA","706","Census Tract 311.16","9/1/2019 - 9/30/2019, Weekdays, Daily Average",1683,1227,2307
"177","1230 Peachtree St NE, Atlanta, GA","710","Census Tract 311.18","9/1/2019 - 9/30/2019, Weekdays, Daily Average",1712,1280,2288
"177","1230 Peachtree St NE, Atlanta, GA","721","Census Tract 111","9/1/2019 - 9/30/2019, Weekdays, Daily Average",1526,1080,2156
"177","1230 Peachtree St NE, Atlanta, GA","722","Census Tract 112.01","9/1/2019 - 9/30/2019, Weekdays, Daily Average",1456,1009,2100
"177","1230 Peachtree St NE, Atlanta, GA","723","Census Tract 112.02","9/1/2019 - 9/30/2019, Weekdays, Daily Average",1610,1184,2187
"177","1230 Peachtree St NE, Atlanta, GA","728","Census Tract 113.01","9/1/2019 - 9/30/2019, Weekdays, Daily Average",1577,1082,2297
"177","1230 Peachtree St NE, Atlanta, GA","729","Census Tract 113.03","9/1/2019 - 9/30/2019, Weekdays, Daily Average",1862,1337,2591
"177","1230 Peachtree St NE, Atlanta, GA","746","Census Tract 114.05","9/1/2019 - 9/30/2019, Weekdays, Daily Average",1745,1340,2272
"177","1230 Peachtree St NE, Atlanta, GA","747","Census Tract 114.10","9/1/2019 - 9/30/2019, Weekdays, Daily Average",2067,1613,2648
"177","1230 Peachtree St NE, Atlanta, GA","748","Census Tract 114.11","9/1/2019 - 9/30/2019, Weekdays, Daily Average",1700,1233,2342
"177","1230 Peachtree St NE, Atlanta, GA","750","Census Tract 204","9/1/2019 - 9/30/2019, Weekdays, Daily Average",1212,849,1729
"177","1230 Peachtree St NE, Atlanta, GA","751","Census Tract 205","9/1/2019 - 9/30/2019, Weekdays, Daily Average",1255,816,1929
"177","1230 Peachtree St NE, Atlanta, GA","752","Census Tract 206","9/1/2019 - 9/30/2019, Weekdays, Daily Average",1376,977,1936
"177","1230 Peachtree St NE, Atlanta, GA","753","Census Tract 208.01","9/1/2019 - 9/30/2019, Weekdays, Daily Average",1235,902,1689
"177","1230 Peachtree St NE, Atlanta, GA","754","Census Tract 209","9/1/2019 - 9/30/2019, Weekdays, Daily Average",1278,818,1994
"177","1230 Peachtree St NE, Atlanta, GA","755","Census Tract 10.02","9/1/2019 - 9/30/2019, Weekdays, Daily Average",616,364,1040
"177","1230 Peachtree St NE, Atlanta, GA","756","Census Tract 7","9/1/2019 - 9/30/2019, Weekdays, Daily Average",998,669,1488
"177","1230 Peachtree St NE, Atlanta, GA","757","Census Tract 87","9/1/2019 - 9/30/2019, Weekdays, Daily Average",1358,929,1984
"177","1230 Peachtree St NE, Atlanta, GA","758","Census Tract 234.16","9/1/2019 - 9/30/2019, Weekdays, Daily Average",1841,1315,2575
"177","1230 Peachtree St NE, Atlanta, GA","759","Census Tract 238.02","9/1/2019 - 9/30/2019, Weekdays, Daily Average",1968,1371,2823
"177","1230 Peachtree St NE, Atlanta, GA","760","Census Tract 223.01","9/1/2019 - 9/30/2019, Weekdays, Daily Average",1350,965,1886
"177","1230 Peachtree St NE, Atlanta, GA","762","Census Tract 201","9/1/2019 - 9/30/2019, Weekdays, Daily Average",587,413,833
"177","1230 Peachtree St NE, Atlanta, GA","763","Census Tract 223.02","9/1/2019 - 9/30/2019, Weekdays, Daily Average",1274,870,1864
"177","1230 Peachtree St NE, Atlanta, GA","764","Census Tract 220.07","9/1/2019 - 9/30/2019, Weekdays, Daily Average",1480,1041,2102
"177","1230 Peachtree St NE, Atlanta, GA","765","Census Tract 202","9/1/2019 - 9/30/2019, Weekdays, Daily Average",882,578,1344
"177","1230 Peachtree St NE, Atlanta, GA","766","Census Tract 203","9/1/2019 - 9/30/2019, Weekdays, Daily Average",1106,781,1564
"177","1230 Peachtree St NE, Atlanta, GA","767","Census Tract 234.23","9/1/2019 - 9/30/2019, Weekdays, Daily Average",2164,1465,3195
"177","1230 Peachtree St NE, Atlanta, GA","769","Census Tract 68.02","9/1/2019 - 9/30/2019, Weekdays, Daily Average",1826,1350,2468
"177","1230 Peachtree St NE, Atlanta, GA","770","Census Tract 69","9/1/2019 - 9/30/2019, Weekdays, Daily Average",1594,1104,2301
"177","1230 Peachtree St NE, Atlanta, GA","771","Census Tract 70.01","9/1/2019 - 9/30/2019, Weekdays, Daily Average",1438,962,2149
"177","1230 Peachtree St NE, Atlanta, GA","772","Census Tract 74","9/1/2019 - 9/30/2019, Weekdays, Daily Average",1215,854,1727
"177","1230 Peachtree St NE, Atlanta, GA","774","Census Tract 114.12","9/1/2019 - 9/30/2019, Weekdays, Daily Average",1768,1291,2421
"177","1230 Peachtree St NE, Atlanta, GA","775","Census Tract 218.13","9/1/2019 - 9/30/2019, Weekdays, Daily Average",1064,741,1526
"177","1230 Peachtree St NE, Atlanta, GA","776","Census Tract 212.18","9/1/2019 - 9/30/2019, Weekdays, Daily Average",1478,1049,2081
"177","1230 Peachtree St NE, Atlanta, GA","777","Census Tract 76.02","9/1/2019 - 9/30/2019, Weekdays, Daily Average",1809,1294,2527
"177","1230 Peachtree St NE, Atlanta, GA","778","Census Tract 21","9/1/2019 - 9/30/2019, Weekdays, Daily Average",834,565,1230
"177","1230 Peachtree St NE, Atlanta, GA","779","Census Tract 23","9/1/2019 - 9/30/2019, Weekdays, Daily Average",1204,869,1666
"177","1230 Peachtree St NE, Atlanta, GA","780","Census Tract 78.02","9/1/2019 - 9/30/2019, Weekdays, Daily Average",1660,1328,2073
"177","1230 Peachtree St NE, Atlanta, GA","781","Census Tract 78.05","9/1/2019 - 9/30/2019, Weekdays, Daily Average",1492,1112,2000
"177","1230 Peachtree St NE, Atlanta, GA","782","Census Tract 78.06","9/1/2019 - 9/30/2019, Weekdays, Daily Average",1779,1407,2248
"177","1230 Peachtree St NE, Atlanta, GA","783","Census Tract 24","9/1/2019 - 9/30/2019, Weekdays, Daily Average",1394,1051,1847
"177","1230 Peachtree St NE, Atlanta, GA","784","Census Tract 26","9/1/2019 - 9/30/2019, Weekdays, Daily Average",1159,815,1646
"177","1230 Peachtree St NE, Atlanta, GA","785","Census Tract 28","9/1/2019 - 9/30/2019, Weekdays, Daily Average",787,494,1252
"177","1230 Peachtree St NE, Atlanta, GA","786","Census Tract 30","9/1/2019 - 9/30/2019, Weekdays, Daily Average",1059,735,1523
"177","1230 Peachtree St NE, Atlanta, GA","787","Census Tract 31","9/1/2019 - 9/30/2019, Weekdays, Daily Average",1205,802,1809
"177","1230 Peachtree St NE, Atlanta, GA","788","Census Tract 32","9/1/2019 - 9/30/2019, Weekdays, Daily Average",1134,761,1687
"177","1230 Peachtree St NE, Atlanta, GA","789","Census Tract 35","9/1/2019 - 9/30/2019, Weekdays, Daily Average",913,584,1427
"177","1230 Peachtree St NE, Atlanta, GA","790","Census Tract 38","9/1/2019 - 9/30/2019, Weekdays, Daily Average",1419,1007,1997
"177","1230 Peachtree St NE, Atlanta, GA","791","Census Tract 78.07","9/1/2019 - 9/30/2019, Weekdays, Daily Average",1390,1002,1926
"177","1230 Peachtree St NE, Atlanta, GA","792","Census Tract 78.08","9/1/2019 - 9/30/2019, Weekdays, Daily Average",1605,1156,2228
"177","1230 Peachtree St NE, Atlanta, GA","793","Census Tract 79","9/1/2019 - 9/30/2019, Weekdays, Daily Average",1757,1214,2542
"177","1230 Peachtree St NE, Atlanta, GA","794","Census Tract 80","9/1/2019 - 9/30/2019, Weekdays, Daily Average",1821,1268,2613
"177","1230 Peachtree St NE, Atlanta, GA","795","Census Tract 81.02","9/1/2019 - 9/30/2019, Weekdays, Daily Average",1298,895,1882
"177","1230 Peachtree St NE, Atlanta, GA","796","Census Tract 82.01","9/1/2019 - 9/30/2019, Weekdays, Daily Average",1354,966,1896
"177","1230 Peachtree St NE, Atlanta, GA","797","Census Tract 40","9/1/2019 - 9/30/2019, Weekdays, Daily Average",1259,846,1873
"177","1230 Peachtree St NE, Atlanta, GA","798","Census Tract 41","9/1/2019 - 9/30/2019, Weekdays, Daily Average",1213,807,1821
"177","1230 Peachtree St NE, Atlanta, GA","799","Census Tract 44","9/1/2019 - 9/30/2019, Weekdays, Daily Average",1098,716,1681
"177","1230 Peachtree St NE, Atlanta, GA","800","Census Tract 48","9/1/2019 - 9/30/2019, Weekdays, Daily Average",1069,663,1721
"177","1230 Peachtree St NE, Atlanta, GA","801","Census Tract 39","9/1/2019 - 9/30/2019, Weekdays, Daily Average",1434,969,2121
"177","1230 Peachtree St NE, Atlanta, GA","802","Census Tract 49","9/1/2019 - 9/30/2019, Weekdays, Daily Average",1091,696,1708
"177","1230 Peachtree St NE, Atlanta, GA","803","Census Tract 50","9/1/2019 - 9/30/2019, Weekdays, Daily Average",1123,723,1744
"177","1230 Peachtree St NE, Atlanta, GA","804","Census Tract 52","9/1/2019 - 9/30/2019, Weekdays, Daily Average",1216,780,1894
"177","1230 Peachtree St NE, Atlanta, GA","805","Census Tract 53","9/1/2019 - 9/30/2019, Weekdays, Daily Average",1366,960,1942
"177","1230 Peachtree St NE, Atlanta, GA","806","Census Tract 82.02","9/1/2019 - 9/30/2019, Weekdays, Daily Average",1955,1396,2736
"177","1230 Peachtree St NE, Atlanta, GA","807","Census Tract 83.01","9/1/2019 - 9/30/2019, Weekdays, Daily Average",1272,918,1762
"177","1230 Peachtree St NE, Atlanta, GA","808","Census Tract 83.02","9/1/2019 - 9/30/2019, Weekdays, Daily Average",1634,1176,2269
"177","1230 Peachtree St NE, Atlanta, GA","809","Census Tract 84","9/1/2019 - 9/30/2019, Weekdays, Daily Average",1383,1003,1905
"177","1230 Peachtree St NE, Atlanta, GA","810","Census Tract 85","9/1/2019 - 9/30/2019, Weekdays, Daily Average",1253,853,1840
"177","1230 Peachtree St NE, Atlanta, GA","811","Census Tract 86.01","9/1/2019 - 9/30/2019, Weekdays, Daily Average",1415,988,2025
"177","1230 Peachtree St NE, Atlanta, GA","812","Census Tract 55.01","9/1/2019 - 9/30/2019, Weekdays, Daily Average",1406,993,1989
"177","1230 Peachtree St NE, Atlanta, GA","813","Census Tract 55.02","9/1/2019 - 9/30/2019, Weekdays, Daily Average",1280,878,1864
"177","1230 Peachtree St NE, Atlanta, GA","814","Census Tract 57","9/1/2019 - 9/30/2019, Weekdays, Daily Average",1448,984,2130
"177","1230 Peachtree St NE, Atlanta, GA","815","Census Tract 58","9/1/2019 - 9/30/2019, Weekdays, Daily Average",1162,762,1769
"177","1230 Peachtree St NE, Atlanta, GA","816","Census Tract 61","9/1/2019 - 9/30/2019, Weekdays, Daily Average",1669,1223,2277
"177","1230 Peachtree St NE, Atlanta, GA","817","Census Tract 63","9/1/2019 - 9/30/2019, Weekdays, Daily Average",1019,682,1521
"177","1230 Peachtree St NE, Atlanta, GA","818","Census Tract 64","9/1/2019 - 9/30/2019, Weekdays, Daily Average",1504,1058,2136
"177","1230 Peachtree St NE, Atlanta, GA","819","Census Tract 65","9/1/2019 - 9/30/2019, Weekdays, Daily Average",1067,732,1553
"177","1230 Peachtree St NE, Atlanta, GA","820","Census Tract 86.02","9/1/2019 - 9/30/2019, Weekdays, Daily Average",1637,1117,2398
"177","1230 Peachtree St NE, Atlanta, GA","821","Census Tract 88","9/1/2019 - 9/30/2019, Weekdays, Daily Average",1170,821,1665
"177","1230 Peachtree St NE, Atlanta, GA","822","Census Tract 92","9/1/2019 - 9/30/2019, Weekdays, Daily Average",393,237,649
"177","1230 Peachtree St NE, Atlanta, GA","824","Census Tract 75","9/1/2019 - 9/30/2019, Weekdays, Daily Average",1141,798,1629
"177","1230 Peachtree St NE, Atlanta, GA","829","Census Tract 60","9/1/2019 - 9/30/2019, Weekdays, Daily Average",1355,990,1853
"177","1230 Peachtree St NE, Atlanta, GA","831","Census Tract 9800","9/1/2019 - 9/30/2019, Weekdays, Daily Average",1540,1192,1988